{
  "project_info": {
    "project_number": "585439521803",
    "project_id": "autizam-project",
    "storage_bucket": "autizam-project.appspot.com"
  },
  "client": [
    {
      "client_info": {
        "mobilesdk_app_id": "1:585439521803:android:cb74c46e533cfd94852b0e",
        "android_client_info": {
          "package_name": "com.example.autizamproject"
        }
      },
      "oauth_client": [
        {
          "client_id": "585439521803-uj1jpuuf0lvfnvfmhcbhnmqcchequnui.apps.googleusercontent.com",
          "client_type": 3
        }
      ],
      "api_key": [
        {
          "current_key": "AIzaSyApisB1hlJg7e5FWK-zuyioj9NH2BsaVgQ"
        }
      ],
      "services": {
        "appinvite_service": {
          "other_platform_oauth_client": [
            {
              "client_id": "585439521803-uj1jpuuf0lvfnvfmhcbhnmqcchequnui.apps.googleusercontent.com",
              "client_type": 3
            }
          ]
        }
      }
    }
  ],
  "configuration_version": "1"
}